ticket,open_time,close_time,symbol,direction,lots,entry_price,exit_price,stop_loss,take_profit,gross_pnl,commission,swap,net_pnl,pips,setup,emotion,execution_rating,mistakes,notes
10000003,2026-02-12 08:46:00,2026-02-12 09:48:44,EURUSD,Sell,0.1,1.10161,1.08818,1.1079,1.08438,134.36,3.5,-0.33,,,BOS Continuation,Neutral,4,,"Clean liquidity grab below Asia low, entered on displacement. Managed to partial at 2R."
10000012,2026-02-12 15:44:00,2026-02-12 15:58:58,XAUUSD,Buy,0.14,2376.87,2355.07,2355.46,2436.97,-305.24,4.9,-2.08,,,CHoCH Reversal,Calm,2,,Waited for the 4H order block to be swept before entering. Entry on the 15m CHoCH.
10000016,2026-02-13 16:47:00,2026-02-13 17:20:16,USDJPY,Buy,0.13,158.2,158.96,157.5,159.75,64.38,4.55,-1.24,,,Breakout,Confident,4,Early Exit; Overtrading,Traded through the news release without checking the calendar. Slipped badly.
10000026,2026-02-13 15:38:00,2026-02-13 16:06:41,GBPJPY,Buy,0.12,193.18,194.39,191.93,195.4,94.19,4.2,-2.11,,,CHoCH Reversal,Calm,5,Overtrading,Ignored the daily bias and took the counter-trend setup because the 5m looked pretty.
10000030,2026-02-13 09:20:00,2026-02-13 12:20:13,XAUUSD,Sell,0.19,2326.3,2361.81,2344.85,2310.18,-674.61,6.65,0.42,,,Breaker Block,Frustrated,3,Moved Stop Loss; Overtrading,"Entered before the sweep completed. Impatient, price took my stop then went my way."
10000039,2026-02-13 07:34:00,2026-02-13 08:05:44,XAUUSD,Buy,0.19,2341.65,2330.8,2328.99,2362.16,-206.23,6.65,1.28,,,Breakout,Anxious,2,Overtrading,"Entered before the sweep completed. Impatient, price took my stop then went my way."
10000044,2026-02-13 17:05:00,2026-02-13 17:46:51,GBPJPY,Buy,0.14,197.26,198.21,196.45,198.52,86.25,4.9,0.69,,,BOS Continuation,Patient,4,Oversized Position; Overtrading,Traded through the news release without checking the calendar. Slipped badly.
10000054,2026-02-16 10:05:00,2026-02-16 11:01:08,GBPJPY,Buy,0.16,195.15,195.81,194.57,195.92,69.14,5.6,0.26,,,Order Block,Confident,4,,Small size because spread was wide before the news. Still respected the invalidation.
10000061,2026-02-16 10:07:00,2026-02-16 10:29:10,EURUSD,Buy,0.21,1.09751,1.09144,1.09335,1.10387,-127.55,7.35,2.47,,,CHoCH Reversal,Frustrated,3,Moved Stop Loss,Traded through the news release without checking the calendar. Slipped badly.
10000064,2026-02-17 09:37:00,2026-02-17 10:17:29,GBPJPY,Buy,0.12,196.32,197.7,195.24,198.13,107.54,4.2,-2.11,,,BOS Continuation,Confident,3,,"Patience paid off — sat on hands for two hours, one A+ setup, took it, done for the day."
10000072,2026-02-17 14:07:00,2026-02-17 15:05:15,USDJPY,Sell,0.13,157.04,156.25,157.77,155.46,66.97,4.55,-2.09,,,FVG Fill,Confident,3,,"Followed the plan exactly. No adjustment to stop, target hit while I was away from screen."
10000079,2026-02-18 11:00:00,2026-02-18 11:56:14,XAUUSD,Sell,0.13,2405.28,2385.54,2424.49,2380.18,256.66,4.55,-0.24,,,Liquidity Sweep,Neutral,4,,"Followed the plan exactly. No adjustment to stop, target hit while I was away from screen."
10000088,2026-02-19 07:07:00,2026-02-19 07:34:25,USDJPY,Sell,0.16,159.09,159.71,159.73,158.07,-64.56,5.6,1.77,,,Momentum,FOMO,3,Chased Price; Late Entry,Closed at +0.4R out of fear while the target was still 2R away. Price hit target later.
10000093,2026-02-24 08:19:00,2026-02-24 09:03:41,USDJPY,Sell,0.14,156.33,156.99,157.06,154.43,-60.04,4.9,-1.21,,,Momentum,Calm,3,,"Followed the plan exactly. No adjustment to stop, target hit while I was away from screen."
10000101,2026-02-25 14:57:00,2026-02-25 15:28:23,USDJPY,Sell,0.35,155.73,155.26,156.38,154.87,105.1,12.25,1.49,,,FVG Fill,Bored,3,No Setup / Impulse; Oversized Position,Moved the stop further away because I 'knew' it would come back. It did not.
10000109,2026-02-25 14:33:00,2026-02-25 14:39:20,US500,Sell,0.08,5340.66,5298.98,5372.61,5260.77,33.34,2.8,-1.9,,,Breakout,Calm,4,,"Followed the plan exactly. No adjustment to stop, target hit while I was away from screen."
10000113,2026-02-26 14:07:00,2026-02-26 15:42:09,XAUUSD,Buy,0.12,2364.96,2380.95,2349.88,2389.8,191.92,4.2,0.66,,,Breaker Block,FOMO,3,Chased Price; Late Entry,Revenge entry within minutes of the previous loss. Doubled size to get it back. Stupid.
10000122,2026-02-26 11:49:00,2026-02-26 12:35:05,USDJPY,Sell,0.14,157.58,158.28,158.33,156.52,-63.38,4.9,0.37,,,Liquidity Sweep,FOMO,2,Chased Price; Late Entry,Traded through the news release without checking the calendar. Slipped badly.
10000131,2026-02-26 10:11:00,2026-02-26 15:13:43,EURUSD,Buy,0.11,1.0767,1.07384,1.07453,1.07961,-31.43,3.85,-1.05,,,Breakout,Anxious,1,Moved Stop Loss,Traded through the news release without checking the calendar. Slipped badly.
10000138,2026-02-27 15:45:00,2026-02-27 16:44:35,EURUSD,Sell,0.3,1.08769,1.09187,1.09194,1.08191,-125.62,10.5,-2.51,,,Liquidity Sweep,Patient,4,Oversized Position,Moved the stop further away because I 'knew' it would come back. It did not.
10000143,2026-02-27 08:21:00,2026-02-27 08:56:25,GBPJPY,Buy,0.37,198.84,199.27,197.75,200.52,102.41,12.95,-0.29,,,Breaker Block,Revengeful,5,Early Exit; Oversized Position; Revenge Trade,Ignored the daily bias and took the counter-trend setup because the 5m looked pretty.
10000151,2026-02-27 14:46:00,2026-02-27 15:01:29,US500,Sell,0.15,5385.47,5319.71,5426.52,5296.97,98.64,5.25,-2.19,,,Liquidity Sweep,Neutral,4,,"Clean liquidity grab below Asia low, entered on displacement. Managed to partial at 2R."
10000156,2026-03-02 15:20:00,2026-03-02 16:13:27,XAUUSD,Buy,0.09,2348.89,2388.8,2327.3,2400.58,359.16,3.15,0.55,,,Liquidity Sweep,Confident,5,,"Patience paid off — sat on hands for two hours, one A+ setup, took it, done for the day."
10000166,2026-03-03 10:43:00,2026-03-03 11:45:01,USDJPY,Sell,0.1,157.76,157.49,158.49,157.07,17.7,3.5,-0.52,,,Breaker Block,Frustrated,2,Early Exit,Moved the stop further away because I 'knew' it would come back. It did not.
10000173,2026-03-04 10:07:00,2026-03-04 10:53:35,XAUUSD,Sell,0.17,2334.14,2349.84,2349.88,2300.52,-266.98,5.95,0.03,,,BOS Continuation,Confident,4,,Small size because spread was wide before the news. Still respected the invalidation.
10000176,2026-03-05 16:15:00,2026-03-05 16:45:05,EURUSD,Sell,0.15,1.0706,1.06725,1.07498,1.0645,50.33,5.25,-3.71,,,Breaker Block,Revengeful,3,Revenge Trade,"Entered before the sweep completed. Impatient, price took my stop then went my way."
10000185,2026-03-05 10:15:00,2026-03-05 11:12:34,TASI,Buy,0.18,11801.85,11762.73,11760.75,11874.67,-35.21,6.3,0.03,,,BOS Continuation,Anxious,2,,"Chased the candle after it already ran 40 points. No structure, pure FOMO."
10000190,2026-03-05 14:07:00,2026-03-05 15:25:15,GBPJPY,Buy,0.1,198.36,200.07,197.41,200.34,111.08,3.5,0.63,,,Liquidity Sweep,Calm,3,,"Followed the plan exactly. No adjustment to stop, target hit while I was away from screen."
10000200,2026-03-06 07:04:00,2026-03-06 07:52:06,EURUSD,Buy,0.11,1.09324,1.08832,1.08945,1.09813,-54.12,3.85,-0.63,,,CHoCH Reversal,Revengeful,2,Moved Stop Loss; Revenge Trade,Traded through the news release without checking the calendar. Slipped badly.
10000204,2026-03-09 15:25:00,2026-03-09 17:16:25,XAUUSD,Buy,0.07,2350.87,2341.98,2341.51,2376.61,-62.21,2.45,0.44,,,BOS Continuation,Neutral,4,,Waited for the 4H order block to be swept before entering. Entry on the 15m CHoCH.
10000215,2026-03-09 15:23:00,2026-03-09 16:33:15,TASI,Sell,0.12,11931.07,11846.47,11984.53,11843.38,50.76,4.2,-0.27,,,BOS Continuation,Confident,5,Oversized Position,Moved the stop further away because I 'knew' it would come back. It did not.
10000222,2026-03-09 07:40:00,2026-03-09 10:29:16,USDJPY,Buy,0.12,157.46,158.91,156.69,159.58,112.46,4.2,-0.76,,,Breakout,Calm,4,,Waited for the 4H order block to be swept before entering. Entry on the 15m CHoCH.
10000225,2026-03-10 10:54:00,2026-03-10 11:05:05,GBPJPY,Buy,0.15,199.44,200.6,198.48,201.0,112.94,5.25,-0.15,,,Breakout,Neutral,3,,"Clean liquidity grab below Asia low, entered on displacement. Managed to partial at 2R."
10000233,2026-03-10 15:26:00,2026-03-10 16:32:35,GBPJPY,Buy,0.12,195.6,196.0,194.41,196.99,31.05,4.2,-0.36,,,FVG Fill,Frustrated,1,Early Exit,Ignored the daily bias and took the counter-trend setup because the 5m looked pretty.
10000240,2026-03-11 09:33:00,2026-03-11 11:22:29,US500,Sell,0.19,5380.44,5309.63,5417.9,5290.7,134.54,6.65,-0.42,,,Order Block,Patient,5,,Small size because spread was wide before the news. Still respected the invalidation.
10000246,2026-03-12 09:31:00,2026-03-12 12:01:53,USDJPY,Buy,0.14,157.05,157.74,156.58,158.35,63.02,4.9,-0.4,,,BOS Continuation,Neutral,4,Overtrading,Closed at +0.4R out of fear while the target was still 2R away. Price hit target later.
10000256,2026-03-12 15:57:00,2026-03-12 17:21:40,XAUUSD,Buy,0.1,2408.18,2390.1,2388.4,2436.7,-180.8,3.5,0.99,,,Breaker Block,Anxious,2,Overtrading,"Entered before the sweep completed. Impatient, price took my stop then went my way."
10000263,2026-03-12 08:42:00,2026-03-12 11:38:06,USDJPY,Sell,0.07,156.2,155.67,156.94,155.02,24.2,2.45,-0.12,,,Breaker Block,Anxious,2,Early Exit; Overtrading,"Fifth trade of the day, no setup, just boredom. Should have shut the platform."
10000271,2026-03-12 17:09:00,2026-03-12 17:16:45,XAUUSD,Buy,0.21,2302.56,2335.03,2289.06,2339.64,681.78,7.35,-3.99,,,Order Block,Calm,5,Overtrading,Traded through the news release without checking the calendar. Slipped badly.
10000277,2026-03-12 13:44:00,2026-03-12 14:17:11,XAUUSD,Sell,0.05,2332.2,2352.45,2347.41,2311.45,-101.27,1.75,0.43,,,Breaker Block,Frustrated,3,Moved Stop Loss; Overtrading,"Fifth trade of the day, no setup, just boredom. Should have shut the platform."
10000281,2026-03-13 14:14:00,2026-03-13 16:46:42,TASI,Sell,0.15,11671.42,11768.63,11746.04,11542.14,-72.91,5.25,-0.64,,,CHoCH Reversal,Anxious,2,Moved Stop Loss,"Chased the candle after it already ran 40 points. No structure, pure FOMO."
10000292,2026-03-16 11:45:00,2026-03-16 11:51:00,XAUUSD,Sell,0.25,2361.34,2380.52,2382.87,2330.22,-479.55,8.75,-5.69,,,Momentum,Confident,5,Oversized Position,Closed at +0.4R out of fear while the target was still 2R away. Price hit target later.
10000299,2026-03-16 07:48:00,2026-03-16 08:19:45,XAUUSD,Buy,0.34,2343.63,2333.88,2332.66,2357.54,-331.39,11.9,3.53,,,Order Block,Bored,3,No Setup / Impulse; Oversized Position,Closed at +0.4R out of fear while the target was still 2R away. Price hit target later.
10000306,2026-03-18 14:15:00,2026-03-18 14:43:59,EURUSD,Sell,0.18,1.04954,1.05657,1.0547,1.04465,-126.52,6.3,-2.09,,,Breakout,Frustrated,3,Moved Stop Loss; Oversized Position,"Chased the candle after it already ran 40 points. No structure, pure FOMO."
10000310,2026-03-18 16:25:00,2026-03-18 16:57:47,US500,Sell,0.32,5486.84,5517.04,5506.3,5469.87,-96.63,11.2,0.58,,,Momentum,Revengeful,2,Moved Stop Loss; Oversized Position; Revenge Trade,Traded through the news release without checking the calendar. Slipped badly.
10000320,2026-03-19 07:32:00,2026-03-19 08:33:28,GBPJPY,Sell,0.13,199.67,199.27,200.29,198.77,33.75,4.55,-1.25,,,Momentum,FOMO,3,Chased Price; Early Exit; Late Entry,Moved the stop further away because I 'knew' it would come back. It did not.
10000325,2026-03-19 09:19:00,2026-03-19 10:29:12,GBPJPY,Buy,0.16,195.0,195.48,194.3,195.84,50.04,5.6,-1.24,,,BOS Continuation,Neutral,4,Overtrading,Ignored the daily bias and took the counter-trend setup because the 5m looked pretty.
10000333,2026-03-19 15:15:00,2026-03-19 16:08:02,XAUUSD,Sell,0.21,2339.12,2323.78,2362.22,2307.5,322.13,7.35,-3.18,,,Momentum,Neutral,5,Early Exit; Overtrading,Ignored the daily bias and took the counter-trend setup because the 5m looked pretty.
10000339,2026-03-19 16:42:00,2026-03-19 19:36:48,US500,Sell,0.2,5417.91,5391.83,5446.91,5370.9,52.16,7.0,-1.36,,,Momentum,Patient,4,Overtrading,"Chased the candle after it already ran 40 points. No structure, pure FOMO."
10000344,2026-03-19 15:37:00,2026-03-19 18:16:51,TASI,Buy,0.18,11660.67,11580.05,11567.86,11912.68,-72.56,6.3,-2.37,,,Breakout,Confident,3,Overtrading,Moved the stop further away because I 'knew' it would come back. It did not.
10000352,2026-03-23 17:48:00,2026-03-23 18:07:04,USDJPY,Sell,0.13,156.86,155.95,157.78,155.3,77.28,4.55,-1.72,,,FVG Fill,Calm,4,,"Patience paid off — sat on hands for two hours, one A+ setup, took it, done for the day."
10000358,2026-03-23 20:17:00,2026-03-23 20:49:25,XAUUSD,Sell,0.05,2405.61,2438.07,2427.87,2373.19,-162.29,1.75,0.04,,,FVG Fill,Greedy,2,Moved Stop Loss; Traded During News,Traded through the news release without checking the calendar. Slipped badly.
10000367,2026-03-23 08:19:00,2026-03-23 08:32:13,GBPJPY,Buy,0.19,195.53,196.33,194.72,196.63,98.32,6.65,0.9,,,Momentum,Confident,4,,"Followed the plan exactly. No adjustment to stop, target hit while I was away from screen."
10000373,2026-03-24 16:49:00,2026-03-24 17:03:31,EURUSD,Buy,0.2,1.08516,1.08803,1.08294,1.09065,57.27,7.0,-2.28,,,Breakout,Neutral,4,,Waited for the 4H order block to be swept before entering. Entry on the 15m CHoCH.
10000379,2026-03-24 10:40:00,2026-03-24 11:07:58,EURUSD,Sell,0.09,1.08224,1.07775,1.08673,1.07484,40.45,3.15,-0.83,,,Momentum,Revengeful,3,Revenge Trade,Closed at +0.4R out of fear while the target was still 2R away. Price hit target later.
10000389,2026-03-25 15:15:00,2026-03-25 16:19:36,XAUUSD,Sell,0.15,2362.32,2374.34,2376.1,2323.51,-180.3,5.25,-1.7,,,Order Block,Patient,4,,"Clean liquidity grab below Asia low, entered on displacement. Managed to partial at 2R."
10000395,2026-03-25 07:16:00,2026-03-25 09:29:21,US500,Buy,0.06,5477.34,5455.59,5455.34,5506.27,-13.05,2.1,-0.53,,,Order Block,Neutral,3,,Small size because spread was wide before the news. Still respected the invalidation.
10000401,2026-03-26 16:26:00,2026-03-26 16:46:35,XAUUSD,Buy,0.36,2307.27,2295.04,2292.93,2339.94,-440.05,12.6,5.86,,,Breakout,Neutral,4,Oversized Position,Ignored the daily bias and took the counter-trend setup because the 5m looked pretty.
10000411,2026-03-30 14:30:00,2026-03-30 14:44:37,USDJPY,Sell,0.21,154.7,155.0,155.05,154.3,-40.74,7.35,-4.92,,,Order Block,Revengeful,3,Oversized Position; Revenge Trade,Revenge entry within minutes of the previous loss. Doubled size to get it back. Stupid.
10000417,2026-03-31 09:06:00,2026-03-31 10:17:36,GBPJPY,Sell,0.34,197.43,198.75,198.24,195.99,-291.49,11.9,-0.65,,,FVG Fill,Bored,3,Moved Stop Loss; No Setup / Impulse; Oversized Position,Moved the stop further away because I 'knew' it would come back. It did not.
10000422,2026-03-31 16:01:00,2026-03-31 18:53:53,US500,Sell,0.15,5477.59,5450.19,5523.89,5394.31,41.09,5.25,-2.16,,,FVG Fill,Frustrated,2,Early Exit; Oversized Position,Traded through the news release without checking the calendar. Slipped badly.
10000432,2026-03-31 20:11:00,2026-03-31 22:07:21,TASI,Buy,0.11,11706.54,11754.75,11659.16,11788.09,26.51,3.85,-0.5,,,BOS Continuation,Confident,3,,Small size because spread was wide before the news. Still respected the invalidation.
10000435,2026-04-01 09:09:00,2026-04-01 09:45:28,GBPJPY,Buy,0.13,198.44,200.96,197.41,201.63,212.84,4.55,0.71,,,Liquidity Sweep,Confident,3,,Small size because spread was wide before the news. Still respected the invalidation.
10000446,2026-04-01 15:23:00,2026-04-01 17:19:22,TASI,Buy,0.07,11809.06,11980.22,11719.54,12093.56,59.91,2.45,-0.39,,,CHoCH Reversal,Neutral,4,,"Patience paid off — sat on hands for two hours, one A+ setup, took it, done for the day."
10000452,2026-04-01 15:18:00,2026-04-01 17:13:34,GBPJPY,Sell,0.07,198.21,198.83,198.88,197.1,-28.38,2.45,-0.1,,,BOS Continuation,Bored,2,No Setup / Impulse,Revenge entry within minutes of the previous loss. Doubled size to get it back. Stupid.
10000458,2026-04-02 13:09:00,2026-04-02 13:50:32,XAUUSD,Sell,0.19,2354.86,2364.65,2366.07,2333.9,-186.06,6.65,-5.61,,,CHoCH Reversal,Patient,5,,Small size because spread was wide before the news. Still respected the invalidation.
10000463,2026-04-02 09:36:00,2026-04-02 10:47:00,GBPJPY,Sell,0.35,191.73,190.69,192.92,190.01,235.99,12.25,-2.29,,,Liquidity Sweep,Calm,4,Oversized Position,Revenge entry within minutes of the previous loss. Doubled size to get it back. Stupid.
10000473,2026-04-02 10:35:00,2026-04-02 11:12:30,XAUUSD,Buy,0.1,2314.85,2330.91,2306.38,2337.93,160.54,3.5,0.14,,,CHoCH Reversal,Calm,3,,"Clean liquidity grab below Asia low, entered on displacement. Managed to partial at 2R."
10000478,2026-04-03 10:39:00,2026-04-03 11:03:39,XAUUSD,Sell,0.22,2378.7,2365.5,2391.44,2352.9,290.43,7.7,-0.53,,,Momentum,Calm,5,,"Clean liquidity grab below Asia low, entered on displacement. Managed to partial at 2R."
10000486,2026-04-03 15:38:00,2026-04-03 17:48:58,XAUUSD,Buy,0.19,2349.02,2332.83,2331.92,2392.15,-307.63,6.65,4.81,,,Breakout,Patient,4,,Small size because spread was wide before the news. Still respected the invalidation.
10000492,2026-04-06 08:18:00,2026-04-06 09:11:31,XAUUSD,Buy,0.09,2368.36,2388.98,2356.31,2389.75,185.53,3.15,-0.6,,,Breaker Block,Neutral,2,,"Clean liquidity grab below Asia low, entered on displacement. Managed to partial at 2R."
10000502,2026-04-07 13:16:00,2026-04-07 14:41:02,GBPJPY,Buy,0.06,195.53,197.05,194.72,197.52,59.21,2.1,1.03,,,Liquidity Sweep,Calm,4,,"Clean liquidity grab below Asia low, entered on displacement. Managed to partial at 2R."
10000505,2026-04-07 08:44:00,2026-04-07 09:43:26,EURUSD,Sell,0.1,1.10499,1.10727,1.10751,1.10124,-22.79,3.5,0.63,,,Momentum,Neutral,4,,Small size because spread was wide before the news. Still respected the invalidation.
10000514,2026-04-07 14:36:00,2026-04-07 14:53:19,GBPJPY,Sell,0.16,192.33,190.95,193.23,189.78,143.83,5.6,0.15,,,Liquidity Sweep,Neutral,3,,Waited for the 4H order block to be swept before entering. Entry on the 15m CHoCH.
10000521,2026-04-09 09:55:00,2026-04-09 10:10:15,US500,Sell,0.14,5393.52,5341.71,5422.15,5316.38,72.53,4.9,0.11,,,FVG Fill,Patient,4,,Waited for the 4H order block to be swept before entering. Entry on the 15m CHoCH.
10000529,2026-04-13 09:30:00,2026-04-13 10:17:27,EURUSD,Buy,0.05,1.09549,1.10128,1.09108,1.10374,28.96,1.75,-0.27,,,FVG Fill,Calm,5,,"Higher timeframe bias was clear, only took the setup in line with the daily trend."
10000533,2026-04-13 09:26:00,2026-04-13 11:20:25,GBPJPY,Buy,0.09,195.6,194.64,194.5,199.02,-55.83,3.15,-0.33,,,Liquidity Sweep,Confident,4,,"Patience paid off — sat on hands for two hours, one A+ setup, took it, done for the day."
10000542,2026-04-13 09:17:00,2026-04-13 09:26:27,XAUUSD,Sell,0.06,2323.65,2292.52,2343.43,2268.79,186.75,2.1,0.27,,,Breaker Block,Calm,4,,"Clean liquidity grab below Asia low, entered on displacement. Managed to partial at 2R."
10000547,2026-04-14 14:43:00,2026-04-14 15:52:32,EURUSD,Buy,0.18,1.08023,1.08278,1.077,1.08482,45.97,6.3,1.01,,,FVG Fill,Anxious,2,,Moved the stop further away because I 'knew' it would come back. It did not.
10000557,2026-04-15 08:08:00,2026-04-15 09:17:49,XAUUSD,Buy,0.17,2357.99,2384.35,2348.05,2389.68,448.13,5.95,-3.53,,,Breaker Block,Calm,4,,"Patience paid off — sat on hands for two hours, one A+ setup, took it, done for the day."
10000562,2026-04-15 10:06:00,2026-04-15 11:36:14,US500,Buy,0.08,5556.26,5651.19,5517.38,5665.23,75.94,2.8,-0.02,,,Breaker Block,Confident,4,,Waited for the 4H order block to be swept before entering. Entry on the 15m CHoCH.
10000568,2026-04-15 16:53:00,2026-04-15 17:25:20,EURUSD,Sell,0.07,1.06569,1.0677,1.06794,1.06153,-14.06,2.45,-0.02,,,Breakout,Calm,4,,Small size because spread was wide before the news. Still respected the invalidation.
10000576,2026-04-16 13:48:00,2026-04-16 14:39:11,GBPJPY,Sell,0.07,195.06,193.44,196.3,193.01,73.73,2.45,-0.62,,,FVG Fill,Patient,5,,"Clean liquidity grab below Asia low, entered on displacement. Managed to partial at 2R."
10000585,2026-04-16 16:37:00,2026-04-16 16:58:26,US500,Sell,0.11,5481.26,5524.74,5525.91,5418.21,-47.83,3.85,0.17,,,Breakout,Frustrated,3,,"Chased the candle after it already ran 40 points. No structure, pure FOMO."
10000593,2026-04-16 08:07:00,2026-04-16 08:22:50,US500,Buy,0.11,5548.62,5523.96,5519.68,5575.89,-27.12,3.85,-0.27,,,FVG Fill,FOMO,3,Chased Price; Late Entry,Revenge entry within minutes of the previous loss. Doubled size to get it back. Stupid.
10000597,2026-04-17 09:21:00,2026-04-17 09:53:08,US500,Sell,0.09,5420.52,5377.63,5463.93,5361.1,38.6,3.15,1.14,,,CHoCH Reversal,FOMO,3,Chased Price; Late Entry; Oversized Position,"Chased the candle after it already ran 40 points. No structure, pure FOMO."
10000605,2026-04-21 09:00:00,2026-04-21 10:01:11,XAUUSD,Buy,0.19,2338.05,2317.97,2315.37,2399.71,-381.56,6.65,0.85,,,Momentum,Neutral,5,,Waited for the 4H order block to be swept before entering. Entry on the 15m CHoCH.
10000613,2026-04-23 13:02:00,2026-04-23 13:17:57,GBPJPY,Buy,0.09,198.94,200.3,198.29,200.88,79.49,3.15,-0.9,,,BOS Continuation,Calm,4,,Small size because spread was wide before the news. Still respected the invalidation.
10000617,2026-04-23 08:20:00,2026-04-23 09:20:23,TASI,Sell,0.15,11912.0,11685.11,11990.46,11682.56,170.17,5.25,-0.19,,,BOS Continuation,Calm,5,,"Clean liquidity grab below Asia low, entered on displacement. Managed to partial at 2R."
10000628,2026-04-23 14:42:00,2026-04-23 17:41:30,XAUUSD,Buy,0.14,2335.51,2346.88,2322.3,2354.32,159.21,4.9,0.84,,,Momentum,Neutral,4,,Small size because spread was wide before the news. Still respected the invalidation.
10000634,2026-04-27 08:01:00,2026-04-27 08:52:01,XAUUSD,Buy,0.16,2351.12,2366.32,2331.23,2377.71,243.27,5.6,-1.11,,,Breakout,Neutral,3,,"Patience paid off — sat on hands for two hours, one A+ setup, took it, done for the day."
10000640,2026-04-28 07:38:00,2026-04-28 11:23:15,XAUUSD,Buy,0.17,2336.62,2370.58,2321.89,2376.88,577.3,5.95,0.63,,,FVG Fill,Calm,4,,Waited for the 4H order block to be swept before entering. Entry on the 15m CHoCH.
10000649,2026-04-28 16:46:00,2026-04-28 19:28:07,GBPJPY,Sell,0.16,197.02,195.66,197.95,195.33,141.92,5.6,-0.6,,,Breaker Block,Patient,5,,"Clean liquidity grab below Asia low, entered on displacement. Managed to partial at 2R."
10000652,2026-04-29 08:07:00,2026-04-29 08:35:28,XAUUSD,Buy,0.19,2382.2,2365.39,2364.25,2423.89,-319.37,6.65,0.82,,,BOS Continuation,Calm,5,,"Patience paid off — sat on hands for two hours, one A+ setup, took it, done for the day."
10000662,2026-05-01 08:50:00,2026-05-01 10:07:59,EURUSD,Buy,0.09,1.06247,1.05685,1.05694,1.06809,-50.61,3.15,-0.83,,,CHoCH Reversal,Greedy,3,,"Entered before the sweep completed. Impatient, price took my stop then went my way."
10000669,2026-05-01 17:08:00,2026-05-01 18:19:17,EURUSD,Sell,0.29,1.07511,1.08241,1.07985,1.06929,-211.73,10.15,-3.4,,,BOS Continuation,Frustrated,2,Moved Stop Loss; Oversized Position,"Entered before the sweep completed. Impatient, price took my stop then went my way."
10000676,2026-05-01 07:31:00,2026-05-01 09:09:47,GBPJPY,Buy,0.11,197.86,198.54,196.64,199.6,48.75,3.85,0.74,,,BOS Continuation,Anxious,3,Early Exit; Oversized Position,Traded through the news release without checking the calendar. Slipped badly.
10000684,2026-05-05 13:08:00,2026-05-05 13:45:17,EURUSD,Sell,0.14,1.08608,1.08351,1.0889,1.08204,35.95,4.9,2.45,,,Order Block,Patient,4,,Waited for the 4H order block to be swept before entering. Entry on the 15m CHoCH.
10000687,2026-05-06 09:50:00,2026-05-06 10:53:25,US500,Buy,0.06,5471.1,5440.84,5441.3,5548.27,-18.15,2.1,0.21,,,BOS Continuation,Neutral,5,Overtrading,Closed at +0.4R out of fear while the target was still 2R away. Price hit target later.
10000694,2026-05-06 07:25:00,2026-05-06 08:35:53,GBPJPY,Buy,0.15,195.5,194.81,194.76,197.44,-68.14,5.25,0.86,,,Liquidity Sweep,Patient,5,Overtrading,Moved the stop further away because I 'knew' it would come back. It did not.
10000705,2026-05-06 11:50:00,2026-05-06 12:28:57,US500,Buy,0.34,5463.81,5503.13,5441.95,5509.09,133.68,11.9,-2.83,,,Liquidity Sweep,Confident,4,Oversized Position; Overtrading,Revenge entry within minutes of the previous loss. Doubled size to get it back. Stupid.
10000712,2026-05-06 09:38:00,2026-05-06 11:52:38,XAUUSD,Buy,0.08,2319.24,2339.31,2307.12,2357.26,160.59,2.8,-0.47,,,CHoCH Reversal,Patient,4,Overtrading,Ignored the daily bias and took the counter-trend setup because the 5m looked pretty.
10000716,2026-05-06 16:16:00,2026-05-06 17:02:42,GBPJPY,Buy,0.18,192.55,193.27,191.6,193.92,84.11,6.3,0.53,,,Momentum,Greedy,1,Overtrading,"Chased the candle after it already ran 40 points. No structure, pure FOMO."
10000722,2026-05-08 13:51:00,2026-05-08 14:42:06,GBPJPY,Buy,0.16,197.81,196.96,196.95,199.22,-88.46,5.6,-1.19,,,FVG Fill,Calm,4,,"Patience paid off — sat on hands for two hours, one A+ setup, took it, done for the day."
10000729,2026-05-11 16:36:00,2026-05-11 18:10:41,EURUSD,Sell,0.2,1.06254,1.06622,1.0667,1.05627,-73.62,7.0,-0.64,,,Momentum,Confident,4,,Waited for the 4H order block to be swept before entering. Entry on the 15m CHoCH.
10000740,2026-05-11 11:19:00,2026-05-11 12:28:35,EURUSD,Buy,0.22,1.10728,1.09854,1.10172,1.11184,-192.42,7.7,-2.79,,,FVG Fill,Revengeful,3,Moved Stop Loss; Oversized Position; Revenge Trade,Revenge entry within minutes of the previous loss. Doubled size to get it back. Stupid.
10000745,2026-05-12 22:36:00,2026-05-12 23:41:07,USDJPY,Sell,0.24,159.63,157.5,160.44,157.38,332.02,8.4,-0.88,,,Liquidity Sweep,Calm,2,Oversized Position,Moved the stop further away because I 'knew' it would come back. It did not.
10000754,2026-05-12 15:16:00,2026-05-12 17:20:19,GBPJPY,Buy,0.2,193.62,193.89,193.03,194.1,35.45,7.0,4.6,,,Breakout,Bored,1,No Setup / Impulse,"Fifth trade of the day, no setup, just boredom. Should have shut the platform."
10000757,2026-05-14 16:18:00,2026-05-14 18:27:41,XAUUSD,Sell,0.09,2327.23,2318.94,2343.58,2308.11,74.61,3.15,-0.31,,,Momentum,FOMO,3,Chased Price; Early Exit; Late Entry,"Chased the candle after it already ran 40 points. No structure, pure FOMO."
10000768,2026-05-14 14:32:00,2026-05-14 14:44:04,US500,Sell,0.11,5469.16,5499.11,5503.14,5377.36,-32.95,3.85,-0.25,,,FVG Fill,Neutral,5,,"Higher timeframe bias was clear, only took the setup in line with the daily trend."
10000773,2026-05-14 08:32:00,2026-05-14 09:46:28,XAUUSD,Sell,0.06,2331.87,2316.16,2343.62,2298.62,94.23,2.1,-0.65,,,Liquidity Sweep,Confident,5,Early Exit,"Entered before the sweep completed. Impatient, price took my stop then went my way."
10000778,2026-05-15 13:51:00,2026-05-15 13:58:21,US500,Sell,0.15,5494.61,5519.38,5519.0,5426.0,-37.16,5.25,-1.03,,,Order Block,Patient,3,,"Followed the plan exactly. No adjustment to stop, target hit while I was away from screen."
10000785,2026-05-15 22:06:00,2026-05-15 22:41:24,TASI,Sell,0.09,12003.96,11973.46,12088.4,11926.71,13.72,3.15,-0.32,,,Breaker Block,FOMO,3,Chased Price; Early Exit; Late Entry,Closed at +0.4R out of fear while the target was still 2R away. Price hit target later.
10000795,2026-05-18 13:19:00,2026-05-18 18:45:30,XAUUSD,Buy,0.1,2379.69,2361.67,2360.18,2404.24,-180.17,3.5,-0.63,,,Liquidity Sweep,Bored,2,No Setup / Impulse,"Entered before the sweep completed. Impatient, price took my stop then went my way."
10000803,2026-05-19 09:57:00,2026-05-19 10:15:09,XAUUSD,Buy,0.1,2365.9,2377.79,2344.31,2399.12,118.88,3.5,-2.07,,,Momentum,Frustrated,2,Early Exit,"Chased the candle after it already ran 40 points. No structure, pure FOMO."
10000806,2026-05-20 09:50:00,2026-05-20 10:04:27,EURUSD,Sell,0.2,1.08449,1.08932,1.08956,1.07254,-96.61,7.0,0.65,,,CHoCH Reversal,Calm,3,,Small size because spread was wide before the news. Still respected the invalidation.
10000815,2026-05-21 11:43:00,2026-05-21 12:08:04,XAUUSD,Buy,0.17,2398.67,2426.93,2379.99,2442.6,480.51,5.95,-5.04,,,Breakout,Patient,3,,"Followed the plan exactly. No adjustment to stop, target hit while I was away from screen."
10000824,2026-05-22 08:55:00,2026-05-22 09:48:35,EURUSD,Sell,0.13,1.1018,1.1113,1.10703,1.09291,-123.42,4.55,-0.76,,,Liquidity Sweep,FOMO,3,Chased Price; Late Entry; Moved Stop Loss,"Chased the candle after it already ran 40 points. No structure, pure FOMO."
10000827,2026-05-25 14:14:00,2026-05-25 15:11:28,EURUSD,Sell,0.21,1.07694,1.08097,1.08139,1.06466,-84.62,7.35,2.01,,,FVG Fill,Calm,5,Overtrading,"Fifth trade of the day, no setup, just boredom. Should have shut the platform."
10000837,2026-05-25 14:07:00,2026-05-25 17:53:21,GBPJPY,Buy,0.35,196.03,198.14,194.88,198.69,480.52,12.25,-3.56,,,Order Block,Confident,4,Oversized Position; Overtrading,Ignored the daily bias and took the counter-trend setup because the 5m looked pretty.
10000841,2026-05-25 09:28:00,2026-05-25 10:34:00,TASI,Buy,0.17,11689.93,11834.49,11635.68,11835.89,122.88,5.95,-1.46,,,Order Block,Patient,4,Overtrading,Ignored the daily bias and took the counter-trend setup because the 5m looked pretty.
10000848,2026-05-25 10:17:00,2026-05-25 12:14:40,EURUSD,Sell,0.1,1.08971,1.09578,1.09407,1.0853,-60.68,3.5,-2.11,,,FVG Fill,FOMO,2,Chased Price; Late Entry; Moved Stop Loss,"Entered before the sweep completed. Impatient, price took my stop then went my way."
10000855,2026-05-25 22:12:00,2026-05-25 22:37:42,XAUUSD,Buy,0.16,2303.57,2295.51,2294.99,2310.89,-128.95,5.6,-1.56,,,Breaker Block,Anxious,1,Overtrading; Traded During News,Traded through the news release without checking the calendar. Slipped badly.
10000864,2026-05-28 16:03:00,2026-05-28 16:32:42,EURUSD,Sell,0.3,1.07446,1.0799,1.07992,1.06397,-163.29,10.5,0.67,,,Breakout,Confident,5,Oversized Position,Traded through the news release without checking the calendar. Slipped badly.
10000871,2026-06-02 08:54:00,2026-06-02 10:20:18,XAUUSD,Sell,0.28,2396.01,2358.4,2410.62,2358.37,1053.18,9.8,-0.63,,,Breaker Block,Confident,5,Oversized Position,Closed at +0.4R out of fear while the target was still 2R away. Price hit target later.
10000879,2026-06-02 15:20:00,2026-06-02 16:23:23,GBPJPY,Buy,0.22,196.53,198.5,195.34,198.59,280.87,7.7,-3.24,,,FVG Fill,Confident,3,,"Clean liquidity grab below Asia low, entered on displacement. Managed to partial at 2R."
10000884,2026-06-03 17:54:00,2026-06-03 19:04:51,EURUSD,Buy,0.17,1.05897,1.061,1.05686,1.06182,34.47,5.95,3.23,,,Liquidity Sweep,Confident,3,,"Patience paid off — sat on hands for two hours, one A+ setup, took it, done for the day."
10000893,2026-06-05 17:55:00,2026-06-05 19:55:32,XAUUSD,Sell,0.16,2369.73,2385.33,2386.4,2316.62,-249.64,5.6,-5.68,,,Breakout,Calm,4,Overtrading,Revenge entry within minutes of the previous loss. Doubled size to get it back. Stupid.
10000897,2026-06-05 07:39:00,2026-06-05 07:54:13,US500,Buy,0.16,5568.12,5597.42,5531.63,5627.11,46.89,5.6,2.95,,,Breakout,Neutral,4,Early Exit; Overtrading,"Chased the candle after it already ran 40 points. No structure, pure FOMO."
10000906,2026-06-05 08:58:00,2026-06-05 11:44:07,XAUUSD,Sell,0.1,2335.84,2324.64,2350.87,2316.45,111.97,3.5,-0.25,,,Momentum,Greedy,2,Overtrading,Closed at +0.4R out of fear while the target was still 2R away. Price hit target later.
10000911,2026-06-05 10:25:00,2026-06-05 11:24:39,XAUUSD,Sell,0.07,2377.0,2399.46,2399.08,2324.62,-157.21,2.45,-0.94,,,Order Block,Confident,4,Overtrading,Revenge entry within minutes of the previous loss. Doubled size to get it back. Stupid.
10000922,2026-06-05 16:20:00,2026-06-05 20:05:44,TASI,Buy,0.07,11848.72,11785.47,11781.44,11920.89,-22.14,2.45,-1.25,,,Breakout,Frustrated,2,Overtrading,Closed at +0.4R out of fear while the target was still 2R away. Price hit target later.
10000926,2026-06-08 13:38:00,2026-06-08 14:44:24,XAUUSD,Buy,0.15,2396.36,2420.3,2384.64,2427.78,359.11,5.25,0.77,,,Liquidity Sweep,Neutral,5,Oversized Position,Ignored the daily bias and took the counter-trend setup because the 5m looked pretty.
10000932,2026-06-08 14:45:00,2026-06-08 14:56:29,XAUUSD,Buy,0.09,2321.94,2335.42,2311.75,2337.16,121.3,3.15,-1.97,,,Order Block,Confident,3,,"Patience paid off — sat on hands for two hours, one A+ setup, took it, done for the day."
10000940,2026-06-09 09:46:00,2026-06-09 10:07:50,USDJPY,Sell,0.07,152.48,151.76,153.26,151.25,32.73,2.45,0.61,,,Momentum,Patient,4,,"Higher timeframe bias was clear, only took the setup in line with the daily trend."
10000948,2026-06-10 08:26:00,2026-06-10 08:58:49,US500,Buy,0.15,5354.23,5328.82,5326.68,5389.76,-38.11,5.25,-2.09,,,Momentum,Patient,4,,"Clean liquidity grab below Asia low, entered on displacement. Managed to partial at 2R."
10000954,2026-06-10 16:32:00,2026-06-10 17:11:59,TASI,Buy,0.11,11693.22,11624.6,11624.21,11743.23,-37.75,3.85,-0.1,,,FVG Fill,Greedy,3,,Closed at +0.4R out of fear while the target was still 2R away. Price hit target later.
10000963,2026-06-11 10:24:00,2026-06-11 10:30:00,EURUSD,Buy,0.12,1.08456,1.08122,1.08126,1.08909,-40.09,4.2,0.82,,,Momentum,Greedy,2,Oversized Position,Revenge entry within minutes of the previous loss. Doubled size to get it back. Stupid.
10000970,2026-06-12 15:30:00,2026-06-12 16:13:55,XAUUSD,Sell,0.16,2332.62,2345.7,2347.49,2309.24,-209.27,5.6,-1.08,,,FVG Fill,Bored,3,No Setup / Impulse; Oversized Position,"Entered before the sweep completed. Impatient, price took my stop then went my way."
10000974,2026-06-15 08:57:00,2026-06-15 09:57:38,EURUSD,Buy,0.36,1.06502,1.06243,1.06232,1.06888,-93.38,12.6,3.22,,,Breaker Block,Greedy,1,Oversized Position,Moved the stop further away because I 'knew' it would come back. It did not.
10000983,2026-06-15 14:46:00,2026-06-15 15:31:13,USDJPY,Sell,0.25,154.36,154.82,154.89,153.47,-75.26,8.75,-2.71,,,BOS Continuation,Frustrated,2,Oversized Position,Traded through the news release without checking the calendar. Slipped badly.
10000992,2026-06-15 14:12:00,2026-06-15 14:25:34,EURUSD,Sell,0.28,1.10812,1.10661,1.1139,1.1023,42.36,9.8,-4.56,,,Breakout,Bored,3,Early Exit; No Setup / Impulse; Oversized Position,"Entered before the sweep completed. Impatient, price took my stop then went my way."
10000995,2026-06-16 14:54:00,2026-06-16 15:37:18,USDJPY,Sell,0.16,156.38,156.75,156.77,156.09,-38.97,5.6,1.89,,,FVG Fill,Bored,3,No Setup / Impulse,Traded through the news release without checking the calendar. Slipped badly.
10001002,2026-06-17 08:23:00,2026-06-17 08:34:08,US500,Buy,0.06,5407.22,5480.67,5361.41,5521.87,44.07,2.1,-0.21,,,BOS Continuation,Neutral,5,,Waited for the 4H order block to be swept before entering. Entry on the 15m CHoCH.
10001010,2026-06-17 09:15:00,2026-06-17 09:21:06,EURUSD,Sell,0.16,1.0946,1.09103,1.0989,1.08825,57.01,5.6,-2.06,,,FVG Fill,Neutral,5,,"Higher timeframe bias was clear, only took the setup in line with the daily trend."
10001016,2026-06-18 08:25:00,2026-06-18 09:43:29,XAUUSD,Sell,0.15,2389.19,2402.41,2402.66,2354.49,-198.42,5.25,2.11,,,BOS Continuation,Neutral,2,,"Clean liquidity grab below Asia low, entered on displacement. Managed to partial at 2R."
10001023,2026-06-19 08:55:00,2026-06-19 09:43:20,XAUUSD,Sell,0.05,2375.1,2359.06,2397.88,2343.34,80.21,1.75,0.44,,,BOS Continuation,Bored,3,No Setup / Impulse; Overtrading,Ignored the daily bias and took the counter-trend setup because the 5m looked pretty.
10001033,2026-06-19 10:26:00,2026-06-19 10:57:38,XAUUSD,Buy,0.13,2336.15,2362.7,2324.51,2363.23,345.13,4.55,-3.74,,,Order Block,Neutral,3,Overtrading,Ignored the daily bias and took the counter-trend setup because the 5m looked pretty.
10001041,2026-06-19 15:19:00,2026-06-19 16:23:15,USDJPY,Buy,0.07,160.53,160.06,160.04,162.02,-21.5,2.45,-1.1,,,Momentum,Neutral,3,Overtrading,"Chased the candle after it already ran 40 points. No structure, pure FOMO."
10001044,2026-06-19 16:20:00,2026-06-19 17:03:34,EURUSD,Buy,0.14,1.08237,1.08388,1.08019,1.08523,21.1,4.9,-1.58,,,Breaker Block,Patient,5,Overtrading,"Entered before the sweep completed. Impatient, price took my stop then went my way."
10001052,2026-06-19 14:24:00,2026-06-19 16:26:15,EURUSD,Sell,0.15,1.0933,1.08344,1.09788,1.07969,147.86,5.25,0.07,,,BOS Continuation,Confident,3,Overtrading,Moved the stop further away because I 'knew' it would come back. It did not.
10001059,2026-06-22 13:19:00,2026-06-22 14:20:54,EURUSD,Buy,0.22,1.08466,1.07941,1.07927,1.09068,-115.4,7.7,-1.59,,,FVG Fill,Frustrated,1,,"Fifth trade of the day, no setup, just boredom. Should have shut the platform."
10001065,2026-06-22 08:27:00,2026-06-22 09:47:13,USDJPY,Sell,0.09,157.12,157.56,157.63,156.45,-25.35,3.15,-0.96,,,BOS Continuation,Frustrated,2,,Closed at +0.4R out of fear while the target was still 2R away. Price hit target later.
10001073,2026-06-23 17:37:00,2026-06-23 19:22:23,TASI,Sell,0.36,11855.7,11702.62,11947.17,11632.18,275.53,12.6,-2.13,,,Momentum,Patient,4,Oversized Position,Ignored the daily bias and took the counter-trend setup because the 5m looked pretty.
10001080,2026-06-23 08:02:00,2026-06-23 08:23:55,XAUUSD,Buy,0.22,2328.64,2342.47,2310.71,2355.63,304.26,7.7,1.36,,,CHoCH Reversal,Confident,4,,"Followed the plan exactly. No adjustment to stop, target hit while I was away from screen."
10001089,2026-06-23 15:48:00,2026-06-23 16:51:14,TASI,Buy,0.13,11858.53,11778.96,11773.85,11957.59,-51.72,4.55,-2.21,,,Momentum,Bored,1,No Setup / Impulse,Moved the stop further away because I 'knew' it would come back. It did not.
10001095,2026-06-24 15:15:00,2026-06-24 15:35:39,US500,Buy,0.15,5526.67,5555.07,5485.5,5590.06,42.6,5.25,0.97,,,Momentum,Revengeful,1,Early Exit; Revenge Trade,"Entered before the sweep completed. Impatient, price took my stop then went my way."
10001103,2026-06-25 15:05:00,2026-06-25 16:22:06,XAUUSD,Buy,0.2,2284.46,2270.65,2269.09,2296.65,-276.27,7.0,-1.56,,,Momentum,FOMO,3,Chased Price; Late Entry,Traded through the news release without checking the calendar. Slipped badly.
10001108,2026-06-25 09:38:00,2026-06-25 10:43:22,XAUUSD,Sell,0.19,2314.05,2327.1,2328.06,2290.12,-248.09,6.65,0.55,,,CHoCH Reversal,FOMO,3,Chased Price; Late Entry,Ignored the daily bias and took the counter-trend setup because the 5m looked pretty.
10001117,2026-06-25 13:24:00,2026-06-25 13:32:53,USDJPY,Sell,0.17,156.14,156.8,156.48,155.81,-72.77,5.95,1.18,,,Breaker Block,FOMO,2,Chased Price; Late Entry; Moved Stop Loss,"Fifth trade of the day, no setup, just boredom. Should have shut the platform."
10001123,2026-06-26 08:01:00,2026-06-26 08:50:47,XAUUSD,Buy,0.36,2379.24,2391.28,2369.12,2396.27,433.69,12.6,6.01,,,CHoCH Reversal,Patient,3,Oversized Position,Revenge entry within minutes of the previous loss. Doubled size to get it back. Stupid.
10001130,2026-06-30 17:41:00,2026-06-30 20:52:32,EURUSD,Sell,0.06,1.10967,1.10528,1.11278,1.10197,26.38,2.1,0.18,,,Breaker Block,Neutral,4,,"Clean liquidity grab below Asia low, entered on displacement. Managed to partial at 2R."
10001135,2026-07-01 08:12:00,2026-07-01 08:41:14,TASI,Buy,0.1,12026.17,11948.41,11948.65,12085.46,-38.88,3.5,-1.35,,,CHoCH Reversal,FOMO,1,Chased Price; Late Entry,Ignored the daily bias and took the counter-trend setup because the 5m looked pretty.
10001143,2026-07-01 14:54:00,2026-07-01 15:36:21,EURUSD,Sell,0.07,1.07924,1.08468,1.08521,1.0701,-38.1,2.45,-0.57,,,Breakout,Neutral,5,,Waited for the 4H order block to be swept before entering. Entry on the 15m CHoCH.
10001152,2026-07-02 17:07:00,2026-07-02 17:29:00,GBPJPY,Sell,0.24,195.7,195.32,196.74,194.4,59.16,8.4,-7.48,,,Breaker Block,Frustrated,1,Early Exit; Oversized Position,Ignored the daily bias and took the counter-trend setup because the 5m looked pretty.
10001160,2026-07-02 15:38:00,2026-07-02 20:02:37,US500,Sell,0.16,5455.64,5430.18,5491.15,5399.52,40.74,5.6,-2.78,,,Liquidity Sweep,Patient,4,Early Exit,"Chased the candle after it already ran 40 points. No structure, pure FOMO."
10001164,2026-07-06 17:49:00,2026-07-06 18:32:24,US500,Sell,0.07,5473.65,5518.75,5519.14,5436.9,-31.57,2.45,-0.05,,,Breakout,Frustrated,3,,"Entered before the sweep completed. Impatient, price took my stop then went my way."
10001174,2026-07-06 15:18:00,2026-07-06 15:24:00,GBPJPY,Buy,0.09,196.95,195.72,195.75,198.9,-71.88,3.15,0.36,,,Breakout,Confident,5,,Small size because spread was wide before the news. Still respected the invalidation.
10001179,2026-07-07 16:37:00,2026-07-07 17:14:38,XAUUSD,Buy,0.28,2344.45,2363.6,2322.61,2379.97,536.39,9.8,-3.42,,,Liquidity Sweep,FOMO,2,Chased Price; Late Entry; Oversized Position,Moved the stop further away because I 'knew' it would come back. It did not.
10001184,2026-07-07 08:49:00,2026-07-07 09:51:34,US500,Sell,0.17,5309.53,5268.8,5334.09,5252.02,69.24,5.95,-3.16,,,BOS Continuation,Confident,5,,Small size because spread was wide before the news. Still respected the invalidation.
10001191,2026-07-08 10:18:00,2026-07-08 10:45:31,USDJPY,Sell,0.22,157.48,157.9,157.92,156.76,-60.13,7.7,-0.36,,,Momentum,Confident,4,,"Followed the plan exactly. No adjustment to stop, target hit while I was away from screen."
10001199,2026-07-08 17:56:00,2026-07-08 20:45:03,TASI,Sell,0.2,11852.25,11707.77,11905.91,11703.98,144.48,7.0,-3.7,,,Breaker Block,Neutral,4,,"Patience paid off — sat on hands for two hours, one A+ setup, took it, done for the day."
10001209,2026-07-08 14:02:00,2026-07-08 14:37:32,EURUSD,Buy,0.19,1.10096,1.09685,1.0969,1.10905,-78.11,6.65,-1.67,,,Momentum,Calm,5,,"Patience paid off — sat on hands for two hours, one A+ setup, took it, done for the day."
10001214,2026-07-10 15:16:00,2026-07-10 15:22:46,XAUUSD,Buy,0.09,2367.49,2358.63,2357.31,2379.8,-79.77,3.15,-0.11,,,Breaker Block,Frustrated,2,,Closed at +0.4R out of fear while the target was still 2R away. Price hit target later.
10001221,2026-07-10 11:07:00,2026-07-10 12:03:17,US500,Buy,0.33,5489.94,5549.45,5465.42,5554.25,196.39,11.55,-2.13,,,Breakout,Patient,4,Oversized Position,Traded through the news release without checking the calendar. Slipped badly.
10001227,2026-07-10 16:08:00,2026-07-10 16:25:30,XAUUSD,Buy,0.15,2358.28,2338.81,2343.41,2373.76,-292.04,5.25,1.42,,,Liquidity Sweep,Revengeful,2,Moved Stop Loss; Revenge Trade,"Chased the candle after it already ran 40 points. No structure, pure FOMO."
10001235,2026-07-13 13:12:00,2026-07-13 14:33:38,US500,Sell,0.09,5439.18,5429.74,5470.45,5410.62,8.49,3.15,-1.86,,,Liquidity Sweep,Bored,4,Early Exit; No Setup / Impulse,Revenge entry within minutes of the previous loss. Doubled size to get it back. Stupid.
10001241,2026-07-13 08:14:00,2026-07-13 09:10:16,US500,Sell,0.11,5363.71,5304.69,5405.11,5268.57,64.92,3.85,-2.11,,,Liquidity Sweep,Patient,4,,"Followed the plan exactly. No adjustment to stop, target hit while I was away from screen."
10001251,2026-07-14 09:20:00,2026-07-14 10:11:12,TASI,Buy,0.11,11932.04,11858.78,11855.63,12009.2,-40.29,3.85,0.85,,,Breakout,Bored,1,No Setup / Impulse,"Entered before the sweep completed. Impatient, price took my stop then went my way."
10001258,2026-07-14 13:16:00,2026-07-14 14:16:39,TASI,Sell,0.1,11766.4,11701.88,11848.27,11634.48,32.26,3.5,0.25,,,Order Block,Bored,2,Early Exit; No Setup / Impulse,"Fifth trade of the day, no setup, just boredom. Should have shut the platform."
10001262,2026-07-16 13:09:00,2026-07-16 13:30:52,EURUSD,Buy,0.13,1.08135,1.07619,1.07543,1.08988,-67.12,4.55,-1.82,,,CHoCH Reversal,Patient,3,,"Higher timeframe bias was clear, only took the setup in line with the daily trend."
10001271,2026-07-20 10:50:00,2026-07-20 11:45:08,USDJPY,Buy,0.21,154.77,154.44,154.43,155.33,-45.42,7.35,1.84,,,BOS Continuation,Revengeful,2,Revenge Trade,"Entered before the sweep completed. Impatient, price took my stop then went my way."
10001275,2026-07-20 17:44:00,2026-07-20 18:47:42,XAUUSD,Buy,0.29,2350.6,2327.83,2336.56,2361.52,-660.57,10.15,-3.89,,,BOS Continuation,Anxious,3,Moved Stop Loss; Oversized Position,"Fifth trade of the day, no setup, just boredom. Should have shut the platform."
10001283,2026-07-23 07:55:00,2026-07-23 08:37:46,USDJPY,Sell,0.23,155.92,155.5,156.83,154.84,63.26,8.05,-4.86,,,Breaker Block,FOMO,1,Chased Price; Early Exit; Late Entry,Closed at +0.4R out of fear while the target was still 2R away. Price hit target later.
10001290,2026-07-23 07:23:00,2026-07-23 08:03:01,XAUUSD,Buy,0.19,2335.68,2323.6,2322.05,2365.29,-229.46,6.65,-6.63,,,BOS Continuation,Confident,4,,"Followed the plan exactly. No adjustment to stop, target hit while I was away from screen."
10001297,2026-07-24 08:28:00,2026-07-24 09:33:32,USDJPY,Buy,0.2,156.61,156.05,156.01,158.4,-72.6,7.0,2.18,,,Order Block,Patient,3,,"Clean liquidity grab below Asia low, entered on displacement. Managed to partial at 2R."
10001304,2026-07-28 20:51:00,2026-07-28 21:08:22,XAUUSD,Sell,0.32,2271.14,2285.86,2287.79,2233.62,-471.06,11.2,4.02,,,CHoCH Reversal,Neutral,4,Oversized Position; Traded During News,"Fifth trade of the day, no setup, just boredom. Should have shut the platform."
10001311,2026-07-29 20:46:00,2026-07-29 22:31:19,XAUUSD,Buy,0.16,2348.78,2340.97,2340.13,2356.49,-124.82,5.6,-2.28,,,CHoCH Reversal,Bored,2,No Setup / Impulse; Oversized Position; Traded During News,Revenge entry within minutes of the previous loss. Doubled size to get it back. Stupid.
10001321,2026-07-30 16:03:00,2026-07-30 17:01:09,XAUUSD,Sell,0.11,2385.6,2371.04,2407.93,2358.58,160.13,3.85,-0.16,,,Liquidity Sweep,Revengeful,2,Oversized Position; Revenge Trade,"Fifth trade of the day, no setup, just boredom. Should have shut the platform."
10001325,2026-07-31 14:31:00,2026-07-31 14:59:11,EURUSD,Buy,0.09,1.06939,1.06549,1.06506,1.07347,-35.09,3.15,-0.78,,,Liquidity Sweep,Greedy,2,,"Entered before the sweep completed. Impatient, price took my stop then went my way."
10001334,2026-08-07 14:47:00,2026-08-07 16:08:28,EURUSD,Sell,0.22,1.06791,1.06438,1.07203,1.06218,77.48,7.7,-1.03,,,Momentum,FOMO,1,Chased Price; Late Entry,"Chased the candle after it already ran 40 points. No structure, pure FOMO."
10001340,2026-08-07 13:29:00,2026-08-07 13:38:44,TASI,Sell,0.1,11976.04,12039.27,12047.39,11867.17,-31.62,3.5,-0.49,,,Momentum,Neutral,4,,"Higher timeframe bias was clear, only took the setup in line with the daily trend."
10001345,2026-08-10 10:48:00,2026-08-10 10:56:16,XAUUSD,Buy,0.06,2330.05,2356.31,2309.28,2373.83,157.59,2.1,-1.05,,,Momentum,Neutral,4,Overtrading,Closed at +0.4R out of fear while the target was still 2R away. Price hit target later.
10001356,2026-08-10 22:49:00,2026-08-10 23:29:59,GBPJPY,Buy,0.19,194.64,193.63,193.53,196.29,-125.35,6.65,-1.38,,,Breaker Block,Patient,5,Overtrading; Traded During News,Moved the stop further away because I 'knew' it would come back. It did not.
10001361,2026-08-10 09:41:00,2026-08-10 13:01:49,XAUUSD,Sell,0.14,2356.29,2365.82,2366.4,2324.41,-133.49,4.9,1.18,,,BOS Continuation,Confident,3,Overtrading,"Fifth trade of the day, no setup, just boredom. Should have shut the platform."
10001370,2026-08-10 08:50:00,2026-08-10 09:10:08,EURUSD,Buy,0.22,1.07874,1.07391,1.07586,1.08281,-106.37,7.7,-4.08,,,BOS Continuation,Frustrated,3,Moved Stop Loss; Oversized Position; Overtrading,Ignored the daily bias and took the counter-trend setup because the 5m looked pretty.
10001377,2026-08-10 11:36:00,2026-08-10 12:17:36,US500,Buy,0.3,5323.51,5337.18,5285.0,5357.53,41.01,10.5,-4.51,,,BOS Continuation,FOMO,2,Chased Price; Early Exit; Late Entry,"Chased the candle after it already ran 40 points. No structure, pure FOMO."
10001383,2026-08-11 11:55:00,2026-08-11 15:57:07,EURUSD,Buy,0.08,1.07859,1.08307,1.07555,1.08663,35.81,2.8,-0.6,,,Breaker Block,Patient,4,,"Followed the plan exactly. No adjustment to stop, target hit while I was away from screen."
10001390,2026-08-11 07:41:00,2026-08-11 08:31:48,GBPJPY,Sell,0.19,196.1,197.11,197.25,194.36,-124.63,6.65,2.09,,,Order Block,Confident,4,,"Higher timeframe bias was clear, only took the setup in line with the daily trend."
10001395,2026-08-11 09:22:00,2026-08-11 10:02:42,USDJPY,Sell,0.08,156.81,155.42,157.74,154.41,72.21,2.8,-0.11,,,Momentum,Confident,4,,Waited for the 4H order block to be swept before entering. Entry on the 15m CHoCH.
10001402,2026-08-12 16:31:00,2026-08-12 16:45:43,XAUUSD,Buy,0.2,2337.55,2321.76,2320.54,2372.3,-315.8,7.0,-1.82,,,Liquidity Sweep,Confident,4,,"Clean liquidity grab below Asia low, entered on displacement. Managed to partial at 2R."
10001409,2026-08-12 08:43:00,2026-08-12 09:41:32,XAUUSD,Sell,0.1,2331.95,2342.67,2342.94,2319.27,-107.15,3.5,-1.17,,,CHoCH Reversal,Anxious,2,,Revenge entry within minutes of the previous loss. Doubled size to get it back. Stupid.
10001416,2026-08-13 10:37:00,2026-08-13 16:57:37,US500,Sell,0.11,5512.74,5482.33,5548.92,5446.66,33.46,3.85,-1.16,,,FVG Fill,Calm,3,Early Exit; Oversized Position,Moved the stop further away because I 'knew' it would come back. It did not.
10001425,2026-08-13 15:08:00,2026-08-13 16:20:09,GBPJPY,Sell,0.21,190.79,189.12,191.47,188.81,227.59,7.35,-3.12,,,CHoCH Reversal,Patient,5,,"Patience paid off — sat on hands for two hours, one A+ setup, took it, done for the day."
10001433,2026-08-13 14:24:00,2026-08-13 15:58:51,XAUUSD,Sell,0.17,2360.23,2346.31,2371.75,2344.66,236.63,5.95,-1.5,,,BOS Continuation,Confident,3,,"Clean liquidity grab below Asia low, entered on displacement. Managed to partial at 2R."
10001440,2026-08-14 07:13:00,2026-08-14 07:39:30,US500,Sell,0.1,5385.3,5424.15,5425.18,5308.76,-38.86,3.5,-2.14,,,Liquidity Sweep,Calm,4,,"Followed the plan exactly. No adjustment to stop, target hit while I was away from screen."
10001446,2026-08-14 07:03:00,2026-08-14 08:13:37,USDJPY,Buy,0.11,157.86,157.32,157.24,159.38,-38.47,3.85,-0.5,,,Liquidity Sweep,Patient,4,,"Higher timeframe bias was clear, only took the setup in line with the daily trend."
10001453,2026-08-17 08:07:00,2026-08-17 10:13:44,XAUUSD,Buy,0.18,2329.45,2361.92,2315.64,2373.14,584.42,6.3,1.43,,,BOS Continuation,Patient,5,Oversized Position,Moved the stop further away because I 'knew' it would come back. It did not.
10001460,2026-08-18 14:33:00,2026-08-18 15:10:11,XAUUSD,Sell,0.08,2367.47,2338.4,2382.1,2321.5,232.58,2.8,-0.9,,,Breakout,Confident,4,,"Patience paid off — sat on hands for two hours, one A+ setup, took it, done for the day."
10001464,2026-08-18 13:12:00,2026-08-18 14:09:51,XAUUSD,Buy,0.14,2391.1,2404.46,2381.64,2411.88,187.01,4.9,0.31,,,Momentum,Confident,3,,"Followed the plan exactly. No adjustment to stop, target hit while I was away from screen."
10001472,2026-08-19 17:16:00,2026-08-19 17:34:58,XAUUSD,Buy,0.15,2381.94,2375.01,2374.0,2389.4,-103.9,5.25,-1.17,,,CHoCH Reversal,Bored,2,No Setup / Impulse,"Entered before the sweep completed. Impatient, price took my stop then went my way."
10001480,2026-08-20 08:29:00,2026-08-20 08:44:55,XAUUSD,Sell,0.19,2356.88,2325.67,2379.07,2299.35,592.83,6.65,-0.84,,,Order Block,Patient,5,,"Followed the plan exactly. No adjustment to stop, target hit while I was away from screen."
10001486,2026-08-20 17:03:00,2026-08-20 17:55:48,GBPJPY,Buy,0.14,198.31,200.47,197.14,201.26,195.94,4.9,-2.77,,,Breaker Block,Neutral,3,,Waited for the 4H order block to be swept before entering. Entry on the 15m CHoCH.
10001496,2026-08-20 15:21:00,2026-08-20 15:37:41,EURUSD,Buy,0.14,1.07115,1.07649,1.06683,1.07897,74.81,4.9,-1.68,,,Liquidity Sweep,Confident,5,,"Patience paid off — sat on hands for two hours, one A+ setup, took it, done for the day."
10001503,2026-08-21 11:56:00,2026-08-21 15:22:54,XAUUSD,Sell,0.19,2337.41,2308.15,2355.67,2301.12,555.88,6.65,-0.62,,,Order Block,Patient,4,,Waited for the 4H order block to be swept before entering. Entry on the 15m CHoCH.
10001507,2026-08-24 10:35:00,2026-08-24 13:20:54,XAUUSD,Buy,0.19,2359.25,2379.08,2338.64,2389.27,376.72,6.65,-3.34,,,Momentum,Frustrated,3,,"Fifth trade of the day, no setup, just boredom. Should have shut the platform."
10001514,2026-08-25 15:53:00,2026-08-25 16:48:52,US500,Sell,0.08,5488.59,5507.19,5509.08,5447.66,-14.88,2.8,-2.11,,,Order Block,Neutral,4,,"Clean liquidity grab below Asia low, entered on displacement. Managed to partial at 2R."
10001522,2026-08-25 07:23:00,2026-08-25 07:40:22,XAUUSD,Sell,0.12,2311.18,2282.24,2324.58,2270.01,347.3,4.2,-0.11,,,Order Block,Calm,4,,"Patience paid off — sat on hands for two hours, one A+ setup, took it, done for the day."
10001530,2026-08-26 08:41:00,2026-08-26 09:05:27,TASI,Buy,0.06,11697.27,11648.75,11644.09,11779.26,-14.56,2.1,-0.42,,,Breaker Block,Patient,5,,"Clean liquidity grab below Asia low, entered on displacement. Managed to partial at 2R."
10001536,2026-08-26 17:33:00,2026-08-26 18:30:10,XAUUSD,Buy,0.06,2314.51,2319.56,2305.81,2325.16,30.29,2.1,-0.71,,,Order Block,Frustrated,2,Early Exit,"Fifth trade of the day, no setup, just boredom. Should have shut the platform."
10001544,2026-08-27 10:28:00,2026-08-27 11:55:05,XAUUSD,Buy,0.08,2357.29,2363.25,2347.12,2374.31,47.69,2.8,0.3,,,Momentum,Bored,3,Early Exit; No Setup / Impulse,"Chased the candle after it already ran 40 points. No structure, pure FOMO."
10001549,2026-08-27 15:32:00,2026-08-27 15:50:13,TASI,Buy,0.08,11972.74,11893.89,11882.54,12219.92,-31.54,2.8,-1.25,,,BOS Continuation,Calm,5,,Waited for the 4H order block to be swept before entering. Entry on the 15m CHoCH.
10001558,2026-08-28 09:25:00,2026-08-28 10:35:44,XAUUSD,Sell,0.05,2363.49,2347.78,2378.92,2329.15,78.56,1.75,0.49,,,Breaker Block,Confident,3,Early Exit,Traded through the news release without checking the calendar. Slipped badly.
10001565,2026-08-28 16:46:00,2026-08-28 17:34:57,GBPJPY,Buy,0.1,197.11,196.49,196.49,198.65,-40.75,3.5,-0.01,,,Breaker Block,Patient,4,,"Higher timeframe bias was clear, only took the setup in line with the daily trend."
10001570,2026-09-02 13:42:00,2026-09-02 13:57:21,USDJPY,Sell,0.21,157.7,158.58,158.61,155.51,-120.15,7.35,-0.76,,,FVG Fill,Patient,5,,"Patience paid off — sat on hands for two hours, one A+ setup, took it, done for the day."
10001579,2026-09-04 11:37:00,2026-09-04 13:44:12,EURUSD,Sell,0.29,1.08257,1.08691,1.08752,1.07499,-125.79,10.15,-1.61,,,Breaker Block,Confident,5,Oversized Position,Ignored the daily bias and took the counter-trend setup because the 5m looked pretty.
10001585,2026-09-04 09:25:00,2026-09-04 09:47:14,XAUUSD,Buy,0.26,2312.65,2305.16,2304.58,2318.94,-194.71,9.1,0.85,,,Breaker Block,Bored,5,No Setup / Impulse; Oversized Position,Ignored the daily bias and took the counter-trend setup because the 5m looked pretty.
10001592,2026-09-07 13:47:00,2026-09-07 14:26:54,XAUUSD,Buy,0.3,2360.56,2367.24,2348.89,2371.74,200.31,10.5,-3.09,,,Momentum,Bored,3,No Setup / Impulse; Oversized Position,Closed at +0.4R out of fear while the target was still 2R away. Price hit target later.
10001600,2026-09-08 07:23:00,2026-09-08 08:39:02,EURUSD,Buy,0.09,1.0804,1.07804,1.07763,1.0853,-21.22,3.15,-1.07,,,Liquidity Sweep,FOMO,2,Chased Price; Late Entry,Moved the stop further away because I 'knew' it would come back. It did not.
10001605,2026-09-09 16:00:00,2026-09-09 16:47:32,US500,Buy,0.08,5391.14,5368.85,5365.66,5462.62,-17.83,2.8,-2.25,,,Breaker Block,Confident,4,,Small size because spread was wide before the news. Still respected the invalidation.
10001612,2026-09-10 17:55:00,2026-09-10 19:05:40,EURUSD,Buy,0.17,1.06796,1.07065,1.06275,1.07185,45.73,5.95,-3.14,,,Order Block,Greedy,2,Oversized Position,Moved the stop further away because I 'knew' it would come back. It did not.
10001619,2026-09-14 16:02:00,2026-09-14 16:08:00,USDJPY,Buy,0.18,155.96,155.25,155.6,156.41,-83.79,6.3,-0.78,,,Breaker Block,Revengeful,3,Moved Stop Loss; Revenge Trade,Revenge entry within minutes of the previous loss. Doubled size to get it back. Stupid.
10001626,2026-09-15 11:25:00,2026-09-15 12:02:29,EURUSD,Sell,0.06,1.10365,1.10876,1.10897,1.08877,-30.69,2.1,-0.44,,,Breakout,Confident,4,,"Followed the plan exactly. No adjustment to stop, target hit while I was away from screen."
10001635,2026-09-15 17:43:00,2026-09-15 20:17:57,XAUUSD,Buy,0.25,2373.05,2381.95,2355.26,2397.38,222.49,8.75,-1.92,,,FVG Fill,Bored,4,Early Exit; No Setup / Impulse; Oversized Position,"Chased the candle after it already ran 40 points. No structure, pure FOMO."
10001640,2026-09-15 15:04:00,2026-09-15 15:40:46,US500,Buy,0.15,5575.22,5597.37,5556.66,5604.64,33.22,5.25,-3.08,,,Momentum,Patient,3,,Small size because spread was wide before the news. Still respected the invalidation.
10001648,2026-09-16 11:06:00,2026-09-16 12:27:18,US500,Sell,0.16,5413.89,5454.31,5455.34,5367.83,-64.67,5.6,0.74,,,BOS Continuation,Frustrated,1,,Revenge entry within minutes of the previous loss. Doubled size to get it back. Stupid.
10001654,2026-09-16 14:52:00,2026-09-16 15:12:19,XAUUSD,Buy,0.15,2366.4,2349.96,2349.81,2414.92,-246.54,5.25,0.79,,,Order Block,Confident,3,,Waited for the 4H order block to be swept before entering. Entry on the 15m CHoCH.
10001661,2026-09-16 11:03:00,2026-09-16 12:51:00,EURUSD,Sell,0.13,1.08702,1.08418,1.09094,1.08304,36.96,4.55,-0.62,,,Order Block,FOMO,1,Chased Price; Late Entry; Oversized Position,Closed at +0.4R out of fear while the target was still 2R away. Price hit target later.
10001668,2026-09-17 09:58:00,2026-09-17 10:20:09,GBPJPY,Sell,0.15,198.5,198.02,199.06,197.58,47.23,5.25,0.97,,,BOS Continuation,Anxious,2,,Moved the stop further away because I 'knew' it would come back. It did not.
10001677,2026-09-17 14:17:00,2026-09-17 15:17:30,GBPJPY,Sell,0.07,192.92,193.56,193.62,191.35,-29.25,2.45,-0.39,,,Order Block,Neutral,4,,"Patience paid off — sat on hands for two hours, one A+ setup, took it, done for the day."
